Effective date ,value
2011-03-31,220.71
2011-04-01,222.48
2011-04-04,222.32
2011-04-05,222.09
2011-04-06,224.62
2011-04-07,223.63
2011-04-08,221.7
2011-04-11,221.58
2011-04-12,220.72
2011-04-13,219
2011-04-14,217.13
2011-04-15,217.27
2011-04-18,214.31
2011-04-19,215.1
2011-04-20,215.65
2011-04-21,216.86
2011-04-25,216.56
2011-04-26,217.79
2011-04-27,219.18
2011-04-28,220.94
2011-04-29,220.49
2011-05-02,219.67
2011-05-03,220.52
2011-05-04,218.45
2011-05-05,215.97
2011-05-06,216.69
2011-05-09,216.3
2011-05-10,218.34
2011-05-11,215.44
2011-05-12,215.25
2011-05-13,212.08
2011-05-16,211.82
2011-05-17,213.34
2011-05-18,214.39
2011-05-19,214.51
2011-05-20,211.36
2011-05-23,208.55
2011-05-24,208.24
2011-05-25,208.34
2011-05-26,209.35
2011-05-27,211.05
2011-05-31,213.09
2011-06-01,205.67
2011-06-02,205.99
2011-06-03,204.6
2011-06-06,200.53
2011-06-07,200.14
2011-06-08,198.26
2011-06-09,200.62
2011-06-10,199.2
2011-06-13,201.27
2011-06-14,202.29
2011-06-15,197.86
2011-06-16,198.99
2011-06-17,200.82
2011-06-20,200.67
2011-06-21,203.44
2011-06-22,202.1
2011-06-23,200.14
2011-06-24,198.77
2011-06-27,201.02
2011-06-28,201.85
2011-06-29,206.08
2011-06-30,206.87
2011-07-01,210.45
2011-07-05,208.69
2011-07-06,207.54
2011-07-07,210.81
2011-07-08,208.06
2011-07-11,202.22
2011-07-12,201.65
2011-07-13,201.98
2011-07-14,200.42
2011-07-15,199.93
2011-07-18,197.17
2011-07-19,199.85
2011-07-20,202
2011-07-21,207
2011-07-22,206.45
2011-07-25,204.71
2011-07-26,204.36
2011-07-27,199.6
2011-07-28,199.69
2011-07-29,199.18
2011-08-01,198.52
2011-08-02,193.02
2011-08-03,194.03
2011-08-04,183.98
2011-08-05,180.79
2011-08-08,162.74
2011-08-09,176.1
2011-08-10,163.58
2011-08-11,173.83
2011-08-12,171.75
2011-08-15,177.31
2011-08-16,173.9
2011-08-17,174.95
2011-08-18,166.18
2011-08-19,163.04
2011-08-22,160.97
2011-08-23,166.19
2011-08-24,170.89
2011-08-25,170.11
2011-08-26,171.82
2011-08-29,178.99
2011-08-30,177.67
2011-08-31,179.83
2011-09-01,175.56
2011-09-02,168.53
2011-09-06,165.55
2011-09-07,173.51
2011-09-08,169.56
2011-09-09,164.21
2011-09-12,166.22
2011-09-13,167.27
2011-09-14,169.32
2011-09-15,173.66
2011-09-16,174
2011-09-19,169.23
2011-09-20,168.81
2011-09-21,160.47
2011-09-22,155.68
2011-09-23,157.48
2011-09-26,164.43
2011-09-27,165.1
2011-09-28,160.3
2011-09-29,164.85
2011-09-30,159.05
2011-10-03,151.85
2011-10-04,158.08
2011-10-05,159.98
2011-10-06,165.14
2011-10-07,159.08
2011-10-10,167.26
2011-10-11,167.15
2011-10-12,171.61
2011-10-13,167.53
2011-10-14,169.9
2011-10-17,164.22
2011-10-18,172.38
2011-10-19,169.43
2011-10-20,172.49
2011-10-21,176.57
2011-10-24,180.42
2011-10-25,174.87
2011-10-26,178.28
2011-10-27,189.27
2011-10-28,188.86
2011-10-31,181.58
2011-11-01,173.02
2011-11-02,177.88
2011-11-03,181.19
2011-11-04,178.65
2011-11-07,179.44
2011-11-08,182.9
2011-11-09,172.95
2011-11-10,173.91
2011-11-11,177.77
2011-11-14,174.16
2011-11-15,174.89
2011-11-16,170.54
2011-11-17,166.97
2011-11-18,167.87
2011-11-21,163.63
2011-11-22,162.12
2011-11-23,157.44
2011-11-25,158.13
2011-11-28,162.79
2011-11-29,161.82
2011-11-30,172.46
2011-12-01,170.82
2011-12-02,173.14
2011-12-05,176.79
2011-12-06,176.64
2011-12-07,178.73
2011-12-08,172.1
2011-12-09,176.04
2011-12-12,171.49
2011-12-13,168.96
2011-12-14,168.45
2011-12-15,168.45
2011-12-16,169.32
2011-12-19,165.37
2011-12-20,171.7
2011-12-21,172.7
2011-12-22,176.24
2011-12-23,177.55
2011-12-27,176.34
2011-12-28,173.53
2011-12-29,176.33
2011-12-30,175.23
2012-01-03,180.06
2012-01-04,179.12
2012-01-05,181.61
2012-01-06,180.58
2012-01-09,181.49
2012-01-10,185.06
2012-01-11,186.88
2012-01-12,187.67
2012-01-13,186.16
2012-01-17,184.71
2012-01-18,187.79
2012-01-19,189.42
2012-01-20,190.73
2012-01-23,191.26
2012-01-24,190.88
2012-01-25,191.34
2012-01-26,189.62
2012-01-27,190.31
2012-01-30,188.4
2012-01-31,189.19
2012-02-01,192.31
2012-02-02,193.19
2012-02-03,198.36
2012-02-06,197.41
2012-02-07,197.23
2012-02-08,198.75
2012-02-09,197.98
2012-02-10,196
2012-02-13,197.86
2012-02-14,195.77
2012-02-15,194.63
2012-02-16,197.74
2012-02-17,199.01
2012-02-21,198.78
2012-02-22,196.25
2012-02-23,198.14
2012-02-24,197.26
2012-02-27,198.96
2012-02-28,199.27
2012-02-29,198.35
2012-03-01,200.81
2012-03-02,199.94
2012-03-05,199.09
2012-03-06,194.19
2012-03-07,196.72
2012-03-08,198.66
2012-03-09,200.22
2012-03-12,199.6
2012-03-13,207.42
2012-03-14,207.46
2012-03-15,211.35
2012-03-16,211.96
2012-03-19,213.23
2012-03-20,214.01
2012-03-21,213.08
2012-03-22,210.15
2012-03-23,211.99
2012-03-26,215.37
2012-03-27,213.26
2012-03-28,214
2012-03-29,211.71
2012-03-30,212.84
2012-04-02,214.51
2012-04-03,213.1
2012-04-04,209.63
2012-04-05,209.18
2012-04-09,205.81
2012-04-10,201.43
2012-04-11,204.63
2012-04-12,208.64
2012-04-13,203.38
2012-04-16,205.23
2012-04-17,208.1
2012-04-18,206.37
2012-04-19,205.45
2012-04-20,204.4
2012-04-23,202.83
2012-04-24,205.14
2012-04-25,207.07
2012-04-26,208.79
2012-04-27,208.73
2012-04-30,207.53
2012-05-01,209.9
2012-05-02,207.89
2012-05-03,206.12
2012-05-04,202.74
2012-05-07,204.13
2012-05-08,202.72
2012-05-09,200.39
2012-05-10,201.5
2012-05-11,199.1
2012-05-14,194.95
2012-05-15,193.86
2012-05-16,191.05
2012-05-17,187.03
2012-05-18,185.1
2012-05-21,186.91
2012-05-22,188.21
2012-05-23,188.96
2012-05-24,189.14
2012-05-25,188.42
2012-05-29,191.06
2012-05-30,186.84
2012-05-31,188.19
2012-06-01,181.21
2012-06-04,179.47
2012-06-05,182.46
2012-06-06,187.87
2012-06-07,187.43
2012-06-08,189.75
2012-06-11,186.11
2012-06-12,189.2
2012-06-13,188.32
2012-06-14,190.69
2012-06-15,193.35
2012-06-18,192.24
2012-06-19,195.54
2012-06-20,195.95
2012-06-21,191.46
2012-06-22,193.19
2012-06-25,189.19
2012-06-26,190.27
2012-06-27,192.61
2012-06-28,192.32
2012-06-29,197.37
2012-07-02,198.44
2012-07-03,199.31
2012-07-05,196.37
2012-07-06,194.92
2012-07-09,194.55
2012-07-10,193.12
2012-07-11,194.71
2012-07-12,192.74
2012-07-13,198.07
2012-07-16,197.46
2012-07-17,198.97
2012-07-18,197.83
2012-07-19,196.43
2012-07-20,193.42
2012-07-23,191.94
2012-07-24,191.31
2012-07-25,191.97
2012-07-26,195
2012-07-27,198.88
2012-07-30,198.19
2012-07-31,197.44
2012-08-01,196.56
2012-08-02,194.8
2012-08-03,199.79
2012-08-06,200.09
2012-08-07,201.17
2012-08-08,200.96
2012-08-09,200.83
2012-08-10,200.96
2012-08-13,200.96
2012-08-14,200.84
2012-08-15,201.49
2012-08-16,202.84
2012-08-17,203.42
2012-08-20,203.98
2012-08-21,204.47
2012-08-22,204.17
2012-08-23,202.17
2012-08-24,203.42
2012-08-27,203.27
2012-08-28,202.95
2012-08-29,203.37
2012-08-30,202.24
2012-08-31,203.39
2012-09-04,203.61
2012-09-05,203.56
2012-09-06,208.5
2012-09-07,210.72
2012-09-10,208.83
2012-09-11,210.56
2012-09-12,211.53
2012-09-13,216.98
2012-09-14,218.78
2012-09-17,216.46
2012-09-18,215.49
2012-09-19,215.33
2012-09-20,214.11
2012-09-21,213.49
2012-09-24,213.48
2012-09-25,210.22
2012-09-26,208.7
2012-09-27,210.87
2012-09-28,210.07
2012-10-01,211.05
2012-10-02,211.57
2012-10-03,213.21
2012-10-04,216.35
2012-10-05,216.43
2012-10-08,216.16
2012-10-09,214.48
2012-10-10,214.63
2012-10-11,215.75
2012-10-12,212.78
2012-10-15,215.34
2012-10-16,216.75
2012-10-17,219.38
2012-10-18,219.75
2012-10-19,216.93
2012-10-22,216.88
2012-10-23,213.33
2012-10-24,213.34
2012-10-25,213.85
2012-10-26,212.58
2012-10-31,213.88
2012-11-01,216.68
2012-11-02,215.18
2012-11-05,214.87
2012-11-06,217.46
2012-11-07,209.8
2012-11-08,208.02
2012-11-09,208.5
2012-11-12,208.59
2012-11-13,207.19
2012-11-14,203.46
2012-11-15,204.03
2012-11-16,205.28
2012-11-19,209.13
2012-11-20,210.22
2012-11-21,210.33
2012-11-23,212.92
2012-11-26,211.97
2012-11-27,209.99
2012-11-28,210.99
2012-11-29,211.95
2012-11-30,211.6
2012-12-03,210.82
2012-12-04,210.19
2012-12-05,212.88
2012-12-06,213.5
2012-12-07,215.17
2012-12-10,214.54
2012-12-11,215.55
2012-12-12,216.66
2012-12-13,215.28
2012-12-14,214.67
2012-12-17,219.18
2012-12-18,222.37
2012-12-19,220.84
2012-12-20,223.92
2012-12-21,221.36
2012-12-24,221.12
2012-12-26,220.79
2012-12-27,220.01
2012-12-28,218.22
2012-12-31,221.24
2013-01-02,227.61
2013-01-03,227.23
2013-01-04,230.09
2013-01-07,229.34
2013-01-08,228.74
2013-01-09,228.29
2013-01-10,231.44
2013-01-11,230.65
2013-01-14,230.06
2013-01-15,230.97
2013-01-16,231.25
2013-01-17,231.01
2013-01-18,231.35
2013-01-22,233.43
2013-01-23,233.34
2013-01-24,234.44
2013-01-25,235.54
2013-01-28,234.49
2013-01-29,235.48
2013-01-30,234.43
2013-01-31,234.02
2013-02-01,237.28
2013-02-04,234.2
2013-02-05,236.87
2013-02-06,237.26
2013-02-07,236.33
2013-02-08,237.18
2013-02-11,238.04
2013-02-12,239.84
2013-02-13,239.29
2013-02-14,240.03
2013-02-15,239.26
2013-02-19,241.31
2013-02-20,237.86
2013-02-21,235.77
2013-02-22,238.67
2013-02-25,232.26
2013-02-26,233.38
2013-02-27,237.16
2013-02-28,236.67
2013-03-01,237.4
2013-03-04,239.42
2013-03-05,241.42
2013-03-06,243.04
2013-03-07,244.64
2013-03-08,245.46
2013-03-11,247.31
2013-03-12,245.75
2013-03-13,246.61
2013-03-14,248.1
2013-03-15,248.77
2013-03-18,246.4
2013-03-19,245.1
2013-03-20,246.53
2013-03-21,243.85
2013-03-22,245.13
2013-03-25,244.42
2013-03-26,245.97
2013-03-27,244.84
2013-03-28,245.41
2013-04-01,244.23
2013-04-02,245.77
2013-04-03,241.49
2013-04-04,243.67
2013-04-05,242.95
2013-04-08,245.47
2013-04-09,246.44
2013-04-10,249.38
2013-04-11,250.11
2013-04-12,249.04
2013-04-15,243.52
2013-04-16,247.45
2013-04-17,242.72
2013-04-18,240.21
2013-04-19,243.61
2013-04-22,243.83
2013-04-23,248.23
2013-04-24,249.92
2013-04-25,251.18
2013-04-26,250.1
2013-04-29,251.21
2013-04-30,252
2013-05-01,249.27
2013-05-02,251.3
2013-05-03,253.91
2013-05-06,256.54
2013-05-07,257.98
2013-05-08,259.77
2013-05-09,257.75
2013-05-10,258.95
2013-05-13,259.85
2013-05-14,264.28
2013-05-15,266.78
2013-05-16,264.86
2013-05-17,268.47
2013-05-20,268.96
2013-05-21,269.65
2013-05-22,266.81
2013-05-23,265.08
2013-05-24,265.42
2013-05-28,268.11
2013-05-29,268.18
2013-05-30,271.05
2013-05-31,266.8
2013-06-03,267.2
2013-06-04,264.79
2013-06-05,260.3
2013-06-06,264.03
2013-06-07,268.46
2013-06-10,268.67
2013-06-11,263.99
2013-06-12,261.47
2013-06-13,266.18
2013-06-14,262.85
2013-06-17,265.35
2013-06-18,267
2013-06-19,263.27
2013-06-20,257.59
2013-06-21,257.96
2013-06-24,253.31
2013-06-25,258.07
2013-06-26,260.55
2013-06-27,263.86
2013-06-28,262.06
2013-07-01,263.33
2013-07-02,263.43
2013-07-03,262.53
2013-07-05,267.15
2013-07-08,269.18
2013-07-09,271.43
2013-07-10,269.73
2013-07-11,272.2
2013-07-12,274.37
2013-07-15,275.41
2013-07-16,274.32
2013-07-17,275.58
2013-07-18,279.27
2013-07-19,279.31
2013-07-22,281.22
2013-07-23,280.52
2013-07-24,278.15
2013-07-25,278.4
2013-07-26,278.07
2013-07-29,275.99
2013-07-30,275.74
2013-07-31,275.89
2013-08-01,280.5
2013-08-02,280.43
2013-08-05,279.78
2013-08-06,277.38
2013-08-07,275.15
2013-08-08,275.81
2013-08-09,275.04
2013-08-12,273.78
2013-08-13,274.95
2013-08-14,273.94
2013-08-15,269.96
2013-08-16,269.49
2013-08-19,265.9
2013-08-20,268.26
2013-08-21,266.57
2013-08-22,269.55
2013-08-23,269.78
2013-08-26,268.22
2013-08-27,261.71
2013-08-28,262.02
2013-08-29,262.76
2013-08-30,261.5
2013-09-03,263.7
2013-09-04,265.7
2013-09-05,266.29
2013-09-06,266.2
2013-09-09,269.24
2013-09-10,272.43
2013-09-11,272.79
2013-09-12,270.82
2013-09-13,271.33
2013-09-16,274.31
2013-09-17,275.54
2013-09-18,278.27
2013-09-19,276.95
2013-09-20,275.65
2013-09-23,271.64
2013-09-24,269.89
2013-09-25,271.32
2013-09-26,271.43
2013-09-27,270.36
2013-09-30,268.37
2013-10-01,270.3
2013-10-02,270.07
2013-10-03,267.91
2013-10-04,270.26
2013-10-07,267.02
2013-10-08,263.53
2013-10-09,264.43
2013-10-10,272.16
2013-10-11,273.73
2013-10-14,274.95
2013-10-15,272.87
2013-10-16,278.75
2013-10-17,281.23
2013-10-18,281.92
2013-10-21,281.39
2013-10-22,281.83
2013-10-23,279.44
2013-10-24,279.77
2013-10-25,280.94
2013-10-28,280.35
2013-10-29,281.25
2013-10-30,279.98
2013-10-31,276.82
2013-11-01,277.54
2013-11-04,277.79
2013-11-05,276.51
2013-11-06,277.42
2013-11-07,274.25
2013-11-08,280.51
2013-11-11,280.78
2013-11-12,278.17
2013-11-13,280.46
2013-11-14,282.83
2013-11-15,284.25
2013-11-18,284.08
2013-11-19,284.59
2013-11-20,283.58
2013-11-21,287.7
2013-11-22,289.05
2013-11-25,289.3
2013-11-26,289.11
2013-11-27,290.07
2013-11-29,288.92
2013-12-02,288.32
2013-12-03,285.67
2013-12-04,286.31
2013-12-05,283.71
2013-12-06,287.68
2013-12-09,288.74
2013-12-10,287.82
2013-12-11,283.66
2013-12-12,283.64
2013-12-13,284.01
2013-12-16,285.57
2013-12-17,283.88
2013-12-18,290.54
2013-12-19,290.11
2013-12-20,291.44
2013-12-23,293.15
2013-12-24,293.68
2013-12-26,294.15
2013-12-27,293.91
2013-12-30,293.54
2013-12-31,294.71
2014-01-02,293.1
2014-01-03,294.99
2014-01-06,295.42
2014-01-07,295.54
2014-01-08,296.53
2014-01-09,297.52
2014-01-10,297.12
2014-01-13,292.71
2014-01-14,295.01
2014-01-15,298.51
2014-01-16,296.67
2014-01-17,295.62
2014-01-21,295.86
2014-01-22,296.16
2014-01-23,291.2
2014-01-24,284.53
2014-01-27,282.75
2014-01-28,286.3
2014-01-29,283.27
2014-01-30,287.01
2014-01-31,283.73
2014-02-03,276.7
2014-02-04,279.33
2014-02-05,278.96
2014-02-06,283.1
2014-02-07,286.68
2014-02-10,287.03
2014-02-11,289.85
2014-02-12,289.69
2014-02-13,290.78
2014-02-14,291.21
2014-02-18,291.69
2014-02-19,287.92
2014-02-20,288.63
2014-02-21,288.72
2014-02-24,291.13
2014-02-25,289.33
2014-02-26,288.96
2014-02-27,290.55
2014-02-28,292.07
2014-03-03,289.51
2014-03-04,295.28
2014-03-05,297.36
2014-03-06,299.38
2014-03-07,300.87
2014-03-10,300.99
2014-03-11,298.79
2014-03-12,298.43
2014-03-13,294.97
2014-03-14,293.31
2014-03-17,296.36
2014-03-18,297.79
2014-03-19,297.35
2014-03-20,302.25
2014-03-21,302.29
2014-03-24,301.61
2014-03-25,301.64
2014-03-26,298.79
2014-03-27,297.06
2014-03-28,298.23
2014-03-31,301.06
2014-04-01,302.22
2014-04-02,302.58
2014-04-03,302.25
2014-04-04,298.76
2014-04-07,294.32
2014-04-08,294.69
2014-04-09,297.22
2014-04-10,290.22
2014-04-11,286.83
2014-04-14,289.1
2014-04-15,291.67
2014-04-16,294.18
2014-04-17,294.43
2014-04-21,294.32
2014-04-22,296.36
2014-04-23,297.07
2014-04-24,296.82
2014-04-25,294.32
2014-04-28,292.68
2014-04-29,295.45
2014-04-30,296.13
2014-05-01,296.32
2014-05-02,296.32
2014-05-05,295.07
2014-05-06,290.95
2014-05-07,294.67
2014-05-08,295.38
2014-05-09,295.08
2014-05-12,298.14
2014-05-13,297.79
2014-05-14,295.48
2014-05-15,292.22
2014-05-16,292.56
2014-05-19,294.19
2014-05-20,292.2
2014-05-21,294.47
2014-05-22,295.55
2014-05-23,296.27
2014-05-27,299.18
2014-05-28,298.44
2014-05-29,299.13
2014-05-30,299.78
2014-06-02,300.59
2014-06-03,300.89
2014-06-04,301.85
2014-06-05,304.65
2014-06-06,306.72
2014-06-09,307.82
2014-06-10,307.69
2014-06-11,305.61
2014-06-12,303.85
2014-06-13,303.88
2014-06-16,302.57
2014-06-17,305.4
2014-06-18,307.38
2014-06-19,306.91
2014-06-20,307.9
2014-06-23,308.73
2014-06-24,306.56
2014-06-25,306.89
2014-06-26,305.87
2014-06-27,306.58
2014-06-30,306.61
2014-07-01,308.35
2014-07-02,308.27
2014-07-03,310.64
2014-07-07,309.07
2014-07-08,306.42
2014-07-09,307.22
2014-07-10,305.31
2014-07-11,305.7
2014-07-14,307.55
2014-07-15,309.58
2014-07-16,309.22
2014-07-17,305.35
2014-07-18,308.63
2014-07-21,307.91
2014-07-22,308.94
2014-07-23,309.51
2014-07-24,310.3
2014-07-25,308.55
2014-07-28,308.7
2014-07-29,306.81
2014-07-30,308.15
2014-07-31,301.85
2014-08-01,299.21
2014-08-04,301.6
2014-08-05,298.61
2014-08-06,299.7
2014-08-07,298.11
2014-08-08,301.01
2014-08-11,301.46
2014-08-12,301.86
2014-08-13,303.47
2014-08-14,305.12
2014-08-15,303.84
2014-08-18,307.11
2014-08-19,307.57
2014-08-20,308.48
2014-08-21,311.92
2014-08-22,310.83
2014-08-25,313.39
2014-08-26,314.22
2014-08-27,313.72
2014-08-28,312.37
2014-08-29,313.99
2014-09-02,315.13
2014-09-03,314.74
2014-09-04,314.8
2014-09-05,315.37
2014-09-08,315.34
2014-09-09,312.2
2014-09-10,313.51
2014-09-11,314.49
2014-09-12,314.1
2014-09-15,314.19
2014-09-16,315.32
2014-09-17,316.71
2014-09-18,320.04
2014-09-19,318.89
2014-09-22,316.69
2014-09-23,314.52
2014-09-24,316.38
2014-09-25,311.17
2014-09-26,314.06
2014-09-29,312.83
2014-09-30,312.29
2014-10-01,308.62
2014-10-02,309.17
2014-10-03,313.66
2014-10-06,313.18
2014-10-07,307.44
2014-10-08,313.01
2014-10-09,306.56
2014-10-10,304.06
2014-10-13,301.38
2014-10-14,302.82
2014-10-15,296.79
2014-10-16,296.76
2014-10-17,300.62
2014-10-20,302.44
2014-10-21,308.1
2014-10-22,305.36
2014-10-23,308.34
2014-10-24,311.13
2014-10-27,311.56
2014-10-28,315.09
2014-10-29,315.7
2014-10-30,317.26
2014-10-31,321.2
2014-11-03,322.21
2014-11-04,322.52
2014-11-05,324.54
2014-11-06,324.78
2014-11-07,324.95
2014-11-10,326.57
2014-11-11,325.83
2014-11-12,325.01
2014-11-13,324.85
2014-11-14,323.7
2014-11-17,323.77
2014-11-18,324.56
2014-11-19,323.97
2014-11-20,324.15
2014-11-21,325.89
2014-11-24,327.86
2014-11-25,327.2
2014-11-26,327.84
2014-11-28,328
2014-12-01,325.64
2014-12-02,328.82
2014-12-03,330.2
2014-12-04,330.53
2014-12-05,333.79
2014-12-08,335.07
2014-12-09,334.25
2014-12-10,329.75
2014-12-11,330.84
2014-12-12,324.06
2014-12-15,321.31
2014-12-16,318.1
2014-12-17,325.34
2014-12-18,333.23
2014-12-19,333.32
2014-12-22,335.37
2014-12-23,337.32
2014-12-24,336.65
2014-12-26,336.64
2014-12-29,337.84
2014-12-30,337.41
2014-12-31,333.32
2015-01-02,333.41
2015-01-05,326.43
2015-01-06,321.43
2015-01-07,324.98
2015-01-08,329.77
2015-01-09,325.36
2015-01-12,322.6
2015-01-13,321.51
2015-01-14,316.95
2015-01-15,312.9
2015-01-16,316.65
2015-01-20,315.43
2015-01-21,316.04
2015-01-22,323.78
2015-01-23,320.51
2015-01-26,322.03
2015-01-27,318.51
2015-01-28,312.25
2015-01-29,315.12
2015-01-30,310.01
2015-02-02,315.03
2015-02-03,320.35
2015-02-04,319.39
2015-02-05,322.58
2015-02-06,324.93
2015-02-09,323.59
2015-02-10,325.92
2015-02-11,325.75
2015-02-12,329.17
2015-02-13,328.84
2015-02-17,330.14
2015-02-18,327.99
2015-02-19,326.54
2015-02-20,329.18
2015-02-23,328.01
2015-02-24,329.67
2015-02-25,329.84
2015-02-26,328.86
2015-02-27,327.52
2015-03-02,330.19
2015-03-03,329.35
2015-03-04,326.84
2015-03-05,328.21
2015-03-06,325.73
2015-03-09,327.19
2015-03-10,320.26
2015-03-11,322.27
2015-03-12,329.31
2015-03-13,327.05
2015-03-16,330.9
2015-03-17,330.21
2015-03-18,331.97
2015-03-19,328.73
2015-03-20,332.93
2015-03-23,331.47
2015-03-24,328.61
2015-03-25,323.71
2015-03-26,323.21
2015-03-27,322.81
2015-03-30,327.2
2015-03-31,324.95
2015-04-01,324.36
2015-04-02,326.24
2015-04-06,326.54
2015-04-07,325.11
2015-04-08,326.22
2015-04-09,326.65
2015-04-10,326.65
2015-04-13,327.56
2015-04-14,327.67
2015-04-15,329.1
2015-04-16,329.45
2015-04-17,325.04
2015-04-20,326.65
2015-04-21,324.87
2015-04-22,327.15
2015-04-23,327.5
2015-04-24,326.66
2015-04-27,325.64
2015-04-28,327.58
2015-04-29,327.63
2015-04-30,325.2
2015-05-01,327.79
2015-05-04,330.99
2015-05-05,328.23
2015-05-06,326.28
2015-05-07,328.44
2015-05-08,333.01
2015-05-11,331.86
2015-05-12,330.64
2015-05-13,330.75
2015-05-14,333.7
2015-05-15,332.25
2015-05-18,334.11
2015-05-19,336.26
2015-05-20,335.04
2015-05-21,334.25
2015-05-22,333.96
2015-05-26,330.96
2015-05-27,333.99
2015-05-28,333.65
2015-05-29,330.53
2015-06-01,331.16
2015-06-02,331.69
2015-06-03,333.87
2015-06-04,331.22
2015-06-05,333.08
2015-06-08,331.03
2015-06-09,332.05
2015-06-10,336.81
2015-06-11,337.71
2015-06-12,336.39
2015-06-15,334.95
2015-06-16,336.72
2015-06-17,336.28
2015-06-18,339.36
2015-06-19,336.08
2015-06-22,338.73
2015-06-23,339.73
2015-06-24,336.73
2015-06-25,334.43
2015-06-26,335.77
2015-06-29,327.58
2015-06-30,328.94
2015-07-01,333.13
2015-07-02,331.92
2015-07-06,330.77
2015-07-07,331.2
2015-07-08,325.38
2015-07-09,327.88
2015-07-10,331.85
2015-07-13,335.46
2015-07-14,336.78
2015-07-15,339.26
2015-07-16,342.6
2015-07-17,341.84
2015-07-20,342.39
2015-07-21,342.02
2015-07-22,344.42
2015-07-23,341.63
2015-07-24,338.39
2015-07-27,335.9
2015-07-28,337.55
2015-07-29,340.21
2015-07-30,340.43
2015-07-31,338.84
2015-08-03,338.98
2015-08-04,338.53
2015-08-05,339.36
2015-08-06,338.27
2015-08-07,338.41
2015-08-10,342.04
2015-08-11,338.78
2015-08-12,336.05
2015-08-13,337.08
2015-08-14,339.41
2015-08-17,340.07
2015-08-18,339.76
2015-08-19,336.83
2015-08-20,329.65
2015-08-21,319.37
2015-08-24,304.28
2015-08-25,299.26
2015-08-26,310.74
2015-08-27,318.91
2015-08-28,317.7
2015-08-31,315.31
2015-09-01,304.3
2015-09-02,308.74
2015-09-03,310.17
2015-09-04,304.18
2015-09-08,312.03
2015-09-09,307.76
2015-09-10,309.17
2015-09-11,310.27
2015-09-14,309.36
2015-09-15,313.92
2015-09-16,315.92
2015-09-17,311.77
2015-09-18,305.79
2015-09-21,309.05
2015-09-22,304.94
2015-09-23,305.19
2015-09-24,303
2015-09-25,307.4
2015-09-28,300.14
2015-09-29,301.29
2015-09-30,305.33
2015-10-01,305.75
2015-10-02,305.57
2015-10-05,312.16
2015-10-06,310.74
2015-10-07,313.2
2015-10-08,314.81
2015-10-09,313.03
2015-10-12,313.51
2015-10-13,311.47
2015-10-14,308.49
2015-10-15,315.62
2015-10-16,316.99
2015-10-19,316.9
2015-10-20,318.57
2015-10-21,316.11
2015-10-22,321.67
2015-10-23,324.95
2015-10-26,323.89
2015-10-27,321.94
2015-10-28,329.7
2015-10-29,328.41
2015-10-30,323.97
2015-11-02,329.21
2015-11-03,329.05
2015-11-04,327.81
2015-11-05,329.19
2015-11-06,332.65
2015-11-09,328.73
2015-11-10,330.15
2015-11-11,329.46
2015-11-12,324.21
2015-11-13,321.43
2015-11-16,325.45
2015-11-17,324.7
2015-11-18,330.64
2015-11-19,331.08
2015-11-20,331.51
2015-11-23,330.23
2015-11-24,329.22
2015-11-25,329.34
2015-11-27,330.37
2015-11-30,329.48
2015-12-01,333.66
2015-12-02,329.53
2015-12-03,324.24
2015-12-04,332.86
2015-12-07,329.91
2015-12-08,325.57
2015-12-09,321.82
2015-12-10,321.99
2015-12-11,314.99
2015-12-14,315.49
2015-12-15,322.99
2015-12-16,328.26
2015-12-17,323.07
2015-12-18,314.96
2015-12-21,317.84
2015-12-22,320.64
2015-12-23,324.77
2015-12-24,324.5
2015-12-28,323.85
2015-12-29,327.25
2015-12-30,324.68
2015-12-31,321.73
2016-01-04,315.14
2016-01-05,316.19
2016-01-06,311.28
2016-01-07,302.5
2016-01-08,297.76
2016-01-11,298.82
2016-01-12,300.48
2016-01-13,292.66
2016-01-14,295.63
2016-01-15,288.68
2016-01-19,288.58
2016-01-20,282.51
2016-01-21,281.67
2016-01-22,287.17
2016-01-25,280.6
2016-01-26,285.59
2016-01-27,284.47
2016-01-28,284.69
2016-01-29,292.9
2016-02-01,291.21
2016-02-02,283.62
2016-02-03,283.47
2016-02-04,286.06
2016-02-05,282.15
2016-02-08,274.7
2016-02-09,274.25
2016-02-10,272.97
2016-02-11,264.89
2016-02-12,275.5
2016-02-16,280.37
2016-02-17,283.89
2016-02-18,282.16
2016-02-19,282.48
2016-02-22,286.71
2016-02-23,281.47
2016-02-24,280.9
2016-02-25,284.77
2016-02-26,286.64
2016-02-29,283.61
2016-03-01,293.66
2016-03-02,296.34
2016-03-03,298.21
2016-03-04,299.42
2016-03-07,299.34
2016-03-08,294.33
2016-03-09,294.72
2016-03-10,294.56
2016-03-11,302.39
2016-03-14,301.11
2016-03-15,300.75
2016-03-16,300.28
2016-03-17,303.83
2016-03-18,306.9
2016-03-21,306.33
2016-03-22,305.44
2016-03-23,303.12
2016-03-24,301.16
2016-03-28,302.06
2016-03-29,302.53
2016-03-30,304.34
2016-03-31,303.71
2016-04-01,306.18
2016-04-04,304.59
2016-04-05,300.19
2016-04-06,301.94
2016-04-07,296.09
2016-04-08,297.29
2016-04-11,298.3
2016-04-12,302.3
2016-04-13,309.09
2016-04-14,309.93
2016-04-15,309.04
2016-04-18,311.18
2016-04-19,314.63
2016-04-20,317.42
2016-04-21,314.38
2016-04-22,317.65
2016-04-25,316.73
2016-04-26,319.02
2016-04-27,319.29
2016-04-28,315.74
2016-04-29,313.64
2016-05-02,317.11
2016-05-03,312.9
2016-05-04,310.43
2016-05-05,310.15
2016-05-06,311.33
2016-05-09,310.72
2016-05-10,315.01
2016-05-11,311.45
2016-05-12,311.93
2016-05-13,307.92
2016-05-16,309.62
2016-05-17,307.5
2016-05-18,313.25
2016-05-19,310.36
2016-05-20,312.26
2016-05-23,311.98
2016-05-24,316.8
2016-05-25,320.08
2016-05-26,318.19
2016-05-27,320.43
2016-05-31,319.34
2016-06-01,320.23
2016-06-02,320.7
2016-06-03,316.29
2016-06-06,318.06
2016-06-07,317.14
2016-06-08,317.74
2016-06-09,315.29
2016-06-10,311.39
2016-06-13,308.99
2016-06-14,304.51
2016-06-15,304.71
2016-06-16,305.71
2016-06-17,305.37
2016-06-20,307.16
2016-06-21,308.82
2016-06-22,308.47
2016-06-23,314.95
2016-06-24,297.92
2016-06-27,289.62
2016-06-28,296.77
2016-06-29,303.63
2016-06-30,308.39
2016-07-01,306.76
2016-07-05,302.09
2016-07-06,303.19
2016-07-07,303.48
2016-07-08,309.07
2016-07-11,310.82
2016-07-12,314.65
2016-07-13,314.78
2016-07-14,317.57
2016-07-15,317.02
2016-07-18,318.17
2016-07-19,318.42
2016-07-20,318.85
2016-07-21,317.43
2016-07-22,319.3
2016-07-25,318.53
2016-07-26,319
2016-07-27,318.77
2016-07-28,319.49
2016-07-29,318.9
2016-08-01,318.14
2016-08-02,315.36
2016-08-03,318.39
2016-08-04,317.3
2016-08-05,323.41
2016-08-08,323.76
2016-08-09,324.08
2016-08-10,321.6
2016-08-11,322.1
2016-08-12,321.42
2016-08-15,323.27
2016-08-16,322.34
2016-08-17,323.51
2016-08-18,323.48
2016-08-19,323.05
2016-08-22,323.13
2016-08-23,323.5
2016-08-24,323.1
2016-08-25,324.01
2016-08-26,324.21
2016-08-29,327.37
2016-08-30,329.99
2016-08-31,330.28
2016-09-01,328.95
2016-09-02,330.55
2016-09-06,329.78
2016-09-07,329.8
2016-09-08,329.46
2016-09-09,323.25
2016-09-12,326.97
2016-09-13,321.01
2016-09-14,319.97
2016-09-15,322.12
2016-09-16,319.18
2016-09-19,320.75
2016-09-20,321.05
2016-09-21,323.18
2016-09-22,324.07
2016-09-23,321.82
2016-09-26,316.87
2016-09-27,319.6
2016-09-28,321.09
2016-09-29,316.31
2016-09-30,320.82
2016-10-03,319.45
2016-10-04,320.47
2016-10-05,325.28
2016-10-06,325.47
2016-10-07,325.7
2016-10-10,327.33
2016-10-11,323.86
2016-10-12,324.34
2016-10-13,320.78
2016-10-14,322.37
2016-10-17,321.06
2016-10-18,323.52
2016-10-19,326.25
2016-10-20,326.19
2016-10-21,326.2
2016-10-24,327.46
2016-10-25,326.72
2016-10-26,328.74
2016-10-27,329.42
2016-10-28,328.09
2016-10-31,327.75
2016-11-01,326.47
2016-11-02,323.89
2016-11-03,324.36
2016-11-04,322.84
2016-11-07,331.25
2016-11-08,331.75
2016-11-09,345.25
2016-11-10,358.04
2016-11-11,359.43
2016-11-14,367.65
2016-11-15,367.85
2016-11-16,362.64
2016-11-17,367.17
2016-11-18,367.48
2016-11-21,368.62
2016-11-22,369
2016-11-23,371.04
2016-11-25,371.95
2016-11-28,366.78
2016-11-29,367.65
2016-11-30,372.54
2016-12-01,378.72
2016-12-02,375.15
2016-12-05,379.51
2016-12-06,383.13
2016-12-07,389.17
2016-12-08,392.74
2016-12-09,393.24
2016-12-12,389.65
2016-12-13,390.47
2016-12-14,388.24
2016-12-15,392.18
2016-12-16,388.73
2016-12-19,389.11
2016-12-20,393.48
2016-12-21,392.53
2016-12-22,391.49
2016-12-23,392.04
2016-12-27,392.51
2016-12-28,388.46
2016-12-29,385.63
2016-12-30,386.53
2017-01-03,390.31
2017-01-04,393.66
2017-01-05,389.66
2017-01-06,391.15
2017-01-09,388.1
2017-01-10,389.6
2017-01-11,391.39
2017-01-12,388.5
2017-01-13,390.63
2017-01-17,381.72
2017-01-18,384.73
2017-01-19,382.42
2017-01-20,384.22
2017-01-23,381.98
2017-01-24,386.62
2017-01-25,392.98
2017-01-26,394.14
2017-01-27,392.44
2017-01-30,389.67
2017-01-31,387.01
2017-02-01,387.15
2017-02-02,385.47
2017-02-03,393.13
2017-02-06,391.76
2017-02-07,390.82
2017-02-08,387.87
2017-02-09,393.19
2017-02-10,394.13
2017-02-13,398.52
2017-02-14,403.46
2017-02-15,406.46
2017-02-16,405.89
2017-02-17,405.77
2017-02-21,407.65
2017-02-22,407.95
2017-02-23,408.33
2017-02-24,405.25
2017-02-27,407.09
2017-02-28,406.38
2017-03-01,417.94
2017-03-02,411.8
2017-03-03,413.42
2017-03-06,410.83
2017-03-07,409.65
2017-03-08,409.6
2017-03-09,410.86
2017-03-10,410.72
2017-03-13,410.94
2017-03-14,410.46
2017-03-15,409.91
2017-03-16,411.2
2017-03-17,406.86
2017-03-20,403.22
2017-03-21,391.65
2017-03-22,390.87
2017-03-23,391.73
2017-03-24,391.36
2017-03-27,389.47
2017-03-28,394.79
2017-03-29,392.65
2017-03-30,397.43
2017-03-31,394.58
2017-04-03,393.43
2017-04-04,392.63
2017-04-05,389.87
2017-04-06,392.05
2017-04-07,390.72
2017-04-10,389.71
2017-04-11,388.68
2017-04-12,385.2
2017-04-13,380.38
2017-04-17,386.48
2017-04-18,383.27
2017-04-19,382.27
2017-04-20,388.2
2017-04-21,384.67
2017-04-24,393.1
2017-04-25,396.36
2017-04-26,396.51
2017-04-27,394.47
2017-04-28,390.76
2017-05-01,392.76
2017-05-02,392.64
2017-05-03,394.99
2017-05-04,395.87
2017-05-05,395.46
2017-05-08,395.05
2017-05-09,393.26
2017-05-10,394.31
2017-05-11,392.22
2017-05-12,390.45
2017-05-15,393.47
2017-05-16,394.13
2017-05-17,382.14
2017-05-18,383.33
2017-05-19,386.54
2017-05-22,387.69
2017-05-23,390.84
2017-05-24,390.68
2017-05-25,391.63
2017-05-26,391.38
2017-05-30,388.36
2017-05-31,385.26
2017-06-01,389.85
2017-06-02,388.41
2017-06-05,388.72
2017-06-06,387.1
2017-06-07,390.28
2017-06-08,394.72
2017-06-09,402.33
2017-06-12,402.99
2017-06-13,404.77
2017-06-14,405.52
2017-06-15,404.01
2017-06-16,403.58
2017-06-19,407.53
2017-06-20,404.23
2017-06-21,401.07
2017-06-22,398.51
2017-06-23,396.69
2017-06-26,398.81
2017-06-27,400.86
2017-06-28,407.19
2017-06-29,409.83
2017-06-30,409.59
2017-07-03,415.07
2017-07-05,416.05
2017-07-06,413.29
2017-07-07,415.6
2017-07-10,414.89
2017-07-11,412.07
2017-07-12,412.54
2017-07-13,415.04
2017-07-14,412.9
2017-07-17,412.36
2017-07-18,411.21
2017-07-19,412.07
2017-07-20,411.84
2017-07-21,411.73
2017-07-24,412.99
2017-07-25,418.22
2017-07-26,415.68
2017-07-27,413.49
2017-07-28,413.61
2017-07-31,416.17
2017-08-01,419.54
2017-08-02,419.79
2017-08-03,417.86
2017-08-04,420.88
2017-08-07,420.14
2017-08-08,419.42
2017-08-09,419.08
2017-08-10,411.7
2017-08-11,409.51
2017-08-14,415.19
2017-08-15,416.08
2017-08-16,415.08
2017-08-17,407.86
2017-08-18,407.63
2017-08-21,406.65
2017-08-22,410.91
2017-08-23,409.99
2017-08-24,409.65
2017-08-25,410.64
2017-08-28,408.67
2017-08-29,406.76
2017-08-30,408.48
2017-08-31,408.45
2017-09-01,410.24
2017-09-05,401.21
2017-09-06,402.19
2017-09-07,395.54
2017-09-08,398.58
2017-09-11,405.5
2017-09-12,410.41
2017-09-13,411.29
2017-09-14,409.86
2017-09-15,411.81
2017-09-18,415.99
2017-09-19,419.31
2017-09-20,421.91
2017-09-21,422.74
2017-09-22,422.7
2017-09-25,422.05
2017-09-26,421.66
2017-09-27,427.14
2017-09-28,427.66
2017-09-29,429.08
2017-10-02,432.89
2017-10-03,434.19
2017-10-04,432.79
2017-10-05,437.06
2017-10-06,437.25
2017-10-09,435.62
2017-10-10,437.42
2017-10-11,436.81
2017-10-12,433.67
2017-10-13,433.5
2017-10-16,436.29
2017-10-17,433.88
2017-10-18,436.32
2017-10-19,436.96
2017-10-20,442.05
2017-10-23,441.43
2017-10-24,444.71
2017-10-25,442.52
2017-10-26,444.97
2017-10-27,444.53
2017-10-30,442.41
2017-10-31,441.16
2017-11-01,442.19
2017-11-02,445.99
2017-11-03,444.05
2017-11-06,443.46
2017-11-07,437.58
2017-11-08,434.95
2017-11-09,433.45
2017-11-10,432.27
2017-11-13,433.05
2017-11-14,432.79
2017-11-15,433.61
2017-11-16,433.94
2017-11-17,433.36
2017-11-20,435.49
2017-11-21,436.59
2017-11-22,434.86
2017-11-24,434.19
2017-11-27,434.02
2017-11-28,445.21
2017-11-29,453.1
2017-11-30,455.61
2017-12-01,456.61
2017-12-04,463.71
2017-12-05,461.01
2017-12-06,459.45
2017-12-07,460.76
2017-12-08,463.46
2017-12-11,462.36
2017-12-12,467.09
2017-12-13,461.17
2017-12-14,458.07
2017-12-15,462.84
2017-12-18,466.66
2017-12-19,464.78
2017-12-20,463.64
2017-12-21,467.57
2017-12-22,466.56
2017-12-26,465
2017-12-27,465.3
2017-12-28,467.19
2017-12-29,463.94
2018-01-02,463.66
2018-01-03,466.14
2018-01-04,470.51
2018-01-05,471.92
2018-01-08,471.33
2018-01-09,474.69
2018-01-10,478.72
2018-01-11,480.97
2018-01-12,485.49
2018-01-16,483.9
2018-01-17,487.94
2018-01-18,487.24
2018-01-19,490.56
2018-01-22,494.62
2018-01-23,494.83
2018-01-24,498.19
2018-01-25,497.25
2018-01-26,501.29
2018-01-29,498.99
2018-01-30,492.91
2018-01-31,493.45
2018-02-01,498.36
2018-02-02,487.21
2018-02-05,462.92
2018-02-06,470.77
2018-02-07,471.56
2018-02-08,450.3
2018-02-09,458.95
2018-02-12,465.27
2018-02-13,467.34
2018-02-14,478.18
2018-02-15,481.14
2018-02-16,480.61
2018-02-20,479.5
2018-02-21,479.2
2018-02-22,475.46
2018-02-23,482.42
2018-02-26,489.69
2018-02-27,485.11
2018-02-28,478.88
2018-03-01,470.02
2018-03-02,471.44
2018-03-05,477.89
2018-03-06,479.75
2018-03-07,478.92
2018-03-08,480.22
2018-03-09,492.13
2018-03-12,490.17
2018-03-13,484.81
2018-03-14,478.99
2018-03-15,479.41
2018-03-16,480.3
2018-03-19,476.2
2018-03-20,477.18
2018-03-21,477.01
2018-03-22,459.37
2018-03-23,445.64
2018-03-26,460.1
2018-03-27,450.99
2018-03-28,451.72
2018-03-29,457.53
2018-04-02,447.8
2018-04-03,454
2018-04-04,459.01
2018-04-05,462.18
2018-04-06,450.91
2018-04-09,453.19
2018-04-10,460.25
2018-04-11,454.47
2018-04-12,462.76
2018-04-13,455.57
2018-04-16,457.72
2018-04-17,457.38
2018-04-18,455.69
2018-04-19,462.64
2018-04-20,462.86
2018-04-23,462.36
2018-04-24,459.21
2018-04-25,458.92
2018-04-26,459.1
2018-04-27,459.78
2018-04-30,455.35
2018-05-01,455.74
2018-05-02,450.3
2018-05-03,446.46
2018-05-04,452.01
2018-05-07,455.09
2018-05-08,458.15
2018-05-09,465.01
2018-05-10,468.64
2018-05-11,468.28
2018-05-14,468
2018-05-15,467.26
2018-05-16,467.72
2018-05-17,467.35
2018-05-18,463.09
2018-05-21,466.52
2018-05-22,469.29
2018-05-23,466.48
2018-05-24,463.17
2018-05-25,461.21
2018-05-29,445.67
2018-05-30,454.32
2018-05-31,450.24
2018-06-01,455.23
2018-06-04,456.53
2018-06-05,454.6
2018-06-06,462.98
2018-06-07,463.97
2018-06-08,465.17
2018-06-11,463.87
2018-06-12,462.33
2018-06-13,460.8
2018-06-14,456.5
2018-06-15,456.35
2018-06-18,456.02
2018-06-19,454.49
2018-06-20,453.08
2018-06-21,452.23
2018-06-22,449.85
2018-06-25,445.2
2018-06-26,443.56
2018-06-27,437.95
2018-06-28,441.71
2018-06-29,441.15
2018-07-02,444.07
2018-07-03,439.39
2018-07-05,440.41
2018-07-06,442.61
2018-07-09,452.89
2018-07-10,451.21
2018-07-11,448.87
2018-07-12,449.73
2018-07-13,447.65
2018-07-16,455.69
2018-07-17,456.39
2018-07-18,463.37
2018-07-19,456.69
2018-07-20,457.59
2018-07-23,463.64
2018-07-24,465.17
2018-07-25,466.36
2018-07-26,465.79
2018-07-27,466.93
2018-07-30,467.04
2018-07-31,463.85
2018-08-01,463.83
2018-08-02,464.02
2018-08-03,466.49
2018-08-06,468.48
2018-08-07,470.75
2018-08-08,471.96
2018-08-09,469.3
2018-08-10,463.85
2018-08-13,459.14
2018-08-14,463.08
2018-08-15,459.95
2018-08-16,465.69
2018-08-17,466.68
2018-08-20,468.32
2018-08-21,470.06
2018-08-22,468.82
2018-08-23,466.41
2018-08-24,467.79
2018-08-27,474.04
2018-08-28,473.55
2018-08-29,473.44
2018-08-30,469.72
2018-08-31,469.32
2018-09-04,471.81
2018-09-05,471.96
2018-09-06,469.17
2018-09-07,468.63
2018-09-10,468.26
2018-09-11,468.8
2018-09-12,464.61
2018-09-13,463.92
2018-09-14,466.98
2018-09-17,465.32
2018-09-18,467.25
2018-09-19,475.47
2018-09-20,479.29
2018-09-21,477.54
2018-09-24,472.47
2018-09-25,470.66
2018-09-26,464.66
2018-09-27,463.09
2018-09-28,458.18
2018-10-01,459.77
2018-10-02,459.98
2018-10-03,463.73
2018-10-04,467.01
2018-10-05,465.07
2018-10-08,467.76
2018-10-09,466.15
2018-10-10,451.98
2018-10-11,438.73
2018-10-12,439.16
2018-10-15,436.93
2018-10-16,443.91
2018-10-17,447.95
2018-10-18,440.99
2018-10-19,442.52
2018-10-22,433.41
2018-10-23,429.82
2018-10-24,418.25
2018-10-25,425.1
2018-10-26,419.35
2018-10-29,422.94
2018-10-30,429.71
2018-10-31,435.85
2018-11-01,437.83
2018-11-02,437.89
2018-11-05,444.04
2018-11-06,446.26
2018-11-07,452.25
2018-11-08,453.69
2018-11-09,449.32
2018-11-12,440.36
2018-11-13,442.96
2018-11-14,436.87
2018-11-15,443.17
2018-11-16,443.61
2018-11-19,443.46
2018-11-20,434.19
2018-11-21,434.47
2018-11-23,430.5
2018-11-26,439.53
2018-11-27,439.83
2018-11-28,447.82
2018-11-29,444.15
2018-11-30,447.08
2018-12-03,449.2
2018-12-04,429.42
2018-12-06,423.23
2018-12-07,415.43
2018-12-10,409.63
2018-12-11,405.46
2018-12-12,407.26
2018-12-13,404.86
2018-12-14,400.72
2018-12-17,396.81
2018-12-18,394.9
2018-12-19,390
2018-12-20,386.97
2018-12-21,379.4
2018-12-24,370.49
2018-12-26,387.71
2018-12-27,392
2018-12-28,392.06
2018-12-31,395.9
2019-01-02,398.82
2019-01-03,389.74
2019-01-04,402.54
2019-01-07,403.47
2019-01-08,403.47
2019-01-09,405.55
2019-01-10,406.03
2019-01-11,406.73
2019-01-14,409.68
2019-01-15,412.99
2019-01-16,422.09
2019-01-17,424.38
2019-01-18,431.64
2019-01-22,426.95
2019-01-23,427.1
2019-01-24,427.97
2019-01-25,431.63
2019-01-28,430.48
2019-01-29,429.2
2019-01-30,431.06
2019-01-31,429.9
2019-02-01,432.1
2019-02-04,433.72
2019-02-05,433.1
2019-02-06,431.92
2019-02-07,427.88
2019-02-08,425.53
2019-02-11,426.6
2019-02-12,433.26
2019-02-13,434.12
2019-02-14,429.09
2019-02-15,437.75
2019-02-19,438.59
2019-02-20,441.13
2019-02-21,439.16
2019-02-22,438.13
2019-02-25,439.97
2019-02-26,438.93
2019-02-27,440.49
2019-02-28,439.26
2019-03-01,441.64
2019-03-04,438.91
2019-03-05,437.48
2019-03-06,434.36
2019-03-07,429.74
2019-03-08,429.74
2019-03-11,433.99
2019-03-12,434.77
2019-03-13,437.94
2019-03-14,439.74
2019-03-15,442.54
2019-03-18,447.08
2019-03-19,443.66
2019-03-20,434.4
2019-03-21,433.09
2019-03-22,421.09
2019-03-25,419.44
2019-03-26,424.19
2019-03-27,422.33
2019-03-28,425.83
2019-03-29,427.19
2019-04-01,437.53
2019-04-02,437.48
2019-04-03,438.87
2019-04-04,441.01
2019-04-05,441.4
2019-04-08,442.06
2019-04-09,438.18
2019-04-10,439.65
2019-04-11,442.11
2019-04-12,450.63
2019-04-15,447.81
2019-04-16,453.93
2019-04-17,454.76
2019-04-18,453.66
2019-04-22,452.49
2019-04-23,455.13
2019-04-24,454.49
2019-04-25,455.67
2019-04-26,459.96
2019-04-29,464.22
2019-04-30,464.95
2019-05-01,460.97
2019-05-02,461.7
2019-05-03,465.52
2019-05-06,462.42
2019-05-07,454.6
2019-05-08,453.3
2019-05-09,452.67
2019-05-10,455.03
2019-05-13,441.95
2019-05-14,445.47
2019-05-15,443.33
2019-05-16,448.19
2019-05-17,445.52
2019-05-20,446.13
2019-05-21,449.95
2019-05-22,447.7
2019-05-23,441.03
2019-05-24,444.42
2019-05-28,439.55
2019-05-29,439.07
2019-05-30,437.11
2019-05-31,430.65
2019-06-03,433.6
2019-06-04,445.34
2019-06-05,447.87
2019-06-06,449.52
2019-06-07,448.64
2019-06-10,452.62
2019-06-11,452.63
2019-06-12,448.34
2019-06-13,449.39
2019-06-14,450.55
2019-06-17,446.34
2019-06-18,452.2
2019-06-19,451.26
2019-06-20,453.5
2019-06-21,452.28
2019-06-24,450.77
2019-06-25,449.17
2019-06-26,448.44
2019-06-27,452.57
2019-06-28,458.92
2019-07-01,464.14
2019-07-02,463.29
2019-07-03,466.05
2019-07-05,467.83
2019-07-08,464.87
2019-07-09,466.49
2019-07-10,464.34
2019-07-11,467.11
2019-07-12,469.97
2019-07-15,467.48
2019-07-16,466.27
2019-07-17,462.15
2019-07-18,465.94
2019-07-19,463.68
2019-07-22,464.65
2019-07-23,469.93
2019-07-24,474.23
2019-07-25,471.42
2019-07-26,476.09
2019-07-29,472.36
2019-07-30,471.49
2019-07-31,469.45
2019-08-01,458.55
2019-08-02,457.56
2019-08-05,442.67
2019-08-06,449.34
2019-08-07,443.89
2019-08-08,451.27
2019-08-09,449.93
2019-08-12,441.49
2019-08-13,446.72
2019-08-14,430.82
2019-08-15,432.16
2019-08-16,440.19
2019-08-19,444.53
2019-08-20,438.32
2019-08-21,440.32
2019-08-22,443.07
2019-08-23,431.84
2019-08-26,436.5
2019-08-27,433.46
2019-08-28,437.42
2019-08-29,443.89
2019-08-30,445.65
2019-09-03,440.72
2019-09-04,445.49
2019-09-05,453.94
2019-09-06,454.01
2019-09-09,460.99
2019-09-10,462.85
2019-09-11,465.6
2019-09-12,467.76
2019-09-13,471.68
2019-09-16,469.39
2019-09-17,469.84
2019-09-18,471.88
2019-09-19,469.98
2019-09-20,466.96
2019-09-23,467.76
2019-09-24,463.36
2019-09-25,466.75
2019-09-26,464.93
2019-09-27,466.03
2019-09-30,465.54
2019-10-01,455.86
2019-10-02,446.3
2019-10-03,447.03
2019-10-04,455.67
2019-10-07,453.65
2019-10-08,444.47
2019-10-09,448.9
2019-10-10,453.5
2019-10-11,459.31
2019-10-14,459.86
2019-10-15,465.98
2019-10-16,464.84
2019-10-17,465.37
2019-10-18,466.45
2019-10-21,473.09
2019-10-22,471.76
2019-10-23,473.45
2019-10-24,473.26
2019-10-25,475.59
2019-10-28,477.97
2019-10-29,479.31
2019-10-30,478.62
2019-10-31,475.99
2019-11-01,482.76
2019-11-04,487.06
2019-11-05,489.12
2019-11-06,491.13
2019-11-07,494.41
2019-11-08,494.49
2019-11-11,493.2
2019-11-12,493.38
2019-11-13,490.55
2019-11-14,490.99
2019-11-15,493.22
2019-11-18,493.95
2019-11-19,494.73
2019-11-20,492.26
2019-11-21,491.78
2019-11-22,495.51
2019-11-25,498.74
2019-11-26,498.15
2019-11-27,500.03
2019-11-29,498.96
2019-12-02,495.74
2019-12-03,489.21
2019-12-04,494.04
2019-12-05,495.88
2019-12-06,502.58
2019-12-09,501.07
2019-12-10,501.06
2019-12-11,500.03
2019-12-12,510.03
2019-12-13,507.63
2019-12-16,509.67
2019-12-17,512.16
2019-12-18,509.73
2019-12-19,509.88
2019-12-20,510.17
2019-12-23,509.28
2019-12-24,509.79
2019-12-26,512.59
2019-12-27,511.89
2019-12-30,509.9
2019-12-31,511.39
2020-01-02,516.21
2020-01-03,510.52
2020-01-06,510.23
2020-01-07,506.82
2020-01-08,509.56
2020-01-09,513.48
2020-01-10,509.47
2020-01-13,513.18
2020-01-14,511.95
2020-01-15,509.14
2020-01-16,513.07
2020-01-17,515.28
2020-01-21,510.83
2020-01-22,512.19
2020-01-23,510.99
2020-01-24,504.03
2020-01-27,496.28
2020-01-28,501.89
2020-01-29,501.09
2020-01-30,507.35
2020-01-31,497.1
2020-02-03,500.06
2020-02-04,505.25
2020-02-05,515.2
2020-02-06,514.33
2020-02-07,512.49
2020-02-10,513.56
2020-02-11,515.63
2020-02-12,516.01
2020-02-13,515.78
2020-02-14,516.18
2020-02-18,511.6
2020-02-19,515.37
2020-02-20,514.7
2020-02-21,509.7
2020-02-24,493.01
2020-02-25,476.22
2020-02-26,473.01
2020-02-27,452.33
2020-02-28,440.7
2020-03-02,462.16
2020-03-03,444.92
2020-03-04,459.55
2020-03-05,437.12
2020-03-06,422.74
2020-03-09,376.6
2020-03-10,399.35
2020-03-11,377.3
2020-03-12,336.66
2020-03-13,381.2
2020-03-16,327.87
2020-03-17,346.78
2020-03-18,316.1
2020-03-19,323.22
2020-03-20,312.65
2020-03-23,293.55
2020-03-24,330.99
2020-03-25,339.78
2020-03-26,361.62
2020-03-27,349.66
2020-03-30,356.7
2020-03-31,346.02
2020-04-01,325.37
2020-04-02,333.4
2020-04-03,325.95
2020-04-06,350.26
2020-04-07,353.56
2020-04-08,369.12
2020-04-09,388.28
2020-04-13,374.38
2020-04-14,375.62
2020-04-15,359.22
2020-04-16,352.99
2020-04-17,372.64
2020-04-20,365.35
2020-04-21,353.65
2020-04-22,357.5
2020-04-23,355.96
2020-04-24,360.99
2020-04-27,374.02
2020-04-28,377.42
2020-04-29,388.77
2020-04-30,378.34
2020-05-01,365.79
2020-05-04,362.44
2020-05-05,362.19
2020-05-06,353.83
2020-05-07,361.68
2020-05-08,369.6
2020-05-11,362.42
2020-05-12,352.74
2020-05-13,342.14
2020-05-14,351.18
2020-05-15,348.6
2020-05-18,367.15
2020-05-19,357.89
2020-05-20,365.83
2020-05-21,364.54
2020-05-22,363.6
2020-05-26,381.92
2020-05-27,398.5
2020-05-28,392.28
2020-05-29,387.52
2020-06-01,392.01
2020-06-02,395.23
2020-06-03,410.36
2020-06-04,418.46
2020-06-05,434.64
2020-06-08,442.27
2020-06-09,432.93
2020-06-10,416.7
2020-06-11,382.62
2020-06-12,394.14
2020-06-15,399.56
2020-06-16,405.29
2020-06-17,399.73
2020-06-18,399.37
2020-06-19,396.68
2020-06-22,394.78
2020-06-23,396.43
2020-06-24,382.51
2020-06-25,392.86
2020-06-26,375.84
2020-06-29,379.56
2020-06-30,385.49
2020-07-01,381.5
2020-07-02,381.75
2020-07-06,389.19
2020-07-07,381.12
2020-07-08,385.14
2020-07-09,376.87
2020-07-10,389.97
2020-07-13,391.22
2020-07-14,393.95
2020-07-15,401.47
2020-07-16,401.26
2020-07-17,397.87
2020-07-20,396.4
2020-07-21,403.96
2020-07-22,403.61
2020-07-23,404.33
2020-07-24,402.85
2020-07-27,399.58
2020-07-28,398.45
2020-07-29,406.48
2020-07-30,399.02
2020-07-31,399.06
2020-08-03,399.83
2020-08-04,398.07
2020-08-05,403.89
2020-08-06,403.29
2020-08-07,412.08
2020-08-10,414.73
2020-08-11,420.12
2020-08-12,418.9
2020-08-13,416.33
2020-08-14,417.39
2020-08-17,410.98
2020-08-18,408.22
2020-08-19,407.91
2020-08-20,404.26
2020-08-21,403.18
2020-08-24,412.53
2020-08-25,413.65
2020-08-26,411.67
2020-08-27,418.84
2020-08-28,420.73
2020-08-31,415.53
2020-09-01,416.43
2020-09-02,422.68
2020-09-03,415.99
2020-09-04,419.21
2020-09-08,408.34
2020-09-09,412.07
2020-09-10,406.25
2020-09-11,409.33
2020-09-14,414.7
2020-09-15,409.04
2020-09-16,413.56
2020-09-17,409.42
2020-09-18,408.43
2020-09-21,398.24
2020-09-22,394.88
2020-09-23,386.22
2020-09-24,386.97
2020-09-25,391.1
2020-09-28,399.97
2020-09-29,395.37
2020-09-30,400.28
2020-10-01,401.18
2020-10-02,404
2020-10-05,410.41
2020-10-06,406.16
2020-10-07,413.23
2020-10-08,418.84
2020-10-09,419.12
2020-10-12,423.89
2020-10-13,415.99
2020-10-14,411.55
2020-10-15,414.87
2020-10-16,415.21
2020-10-19,408.67
2020-10-20,412.01
2020-10-21,410.28
2020-10-22,417.99
2020-10-23,419.47
2020-10-26,410.1
2020-10-27,402.27
2020-10-28,392.34
2020-10-29,395.01
2020-10-30,396.09
2020-11-02,403.78
2020-11-03,412.65
2020-11-04,407.42
2020-11-05,417.44
2020-11-06,414.07
2020-11-09,447.89
2020-11-10,451.14
2020-11-11,448.89
2020-11-12,441.35
2020-11-13,448.35
2020-11-16,458.56
2020-11-17,457.62
2020-11-18,453.45
2020-11-19,454.78
2020-11-20,450.77
2020-11-23,459.26
2020-11-24,475.46
2020-11-25,473.5
2020-11-27,471.52
2020-11-30,462.45
2020-12-01,469.71
2020-12-02,474.66
2020-12-03,474.69
2020-12-04,480.05
2020-12-07,476.67
2020-12-08,476.39
2020-12-09,475.41
2020-12-10,476.18
2020-12-11,471.58
2020-12-14,465.81
2020-12-15,473.62
2020-12-16,474.19
2020-12-17,475.85
2020-12-18,472.13
2020-12-21,477.98
2020-12-22,473.37
2020-12-23,480.95
2020-12-24,481.31
2020-12-28,483.77
2020-12-29,482.11
2020-12-30,484.02
2020-12-31,490.43
2021-01-04,483.8
2021-01-05,485.6
2021-01-06,506.78
2021-01-07,514.23
2021-01-08,513.24
2021-01-11,515.43
2021-01-12,520.91
2021-01-13,520.14
2021-01-14,522.77
2021-01-15,513.38
2021-01-19,515.6
2021-01-20,513.19
2021-01-21,507.78
2021-01-22,504.11
2021-01-25,500.26
2021-01-26,496.25
2021-01-27,481.67
2021-01-28,490.9
2021-01-29,480.98
2021-02-01,486.35
2021-02-02,498.3
2021-02-03,500.85
2021-02-04,512.25
2021-02-05,512.69
2021-02-08,518.95
2021-02-09,519.49
2021-02-10,519.17
2021-02-11,518.02
2021-02-12,522.92
2021-02-16,532.19
2021-02-17,534.08
2021-02-18,531.43
2021-02-19,537.59
2021-02-22,542.84
2021-02-23,545.54
2021-02-24,556.51
2021-02-25,546.42
2021-02-26,535.64
2021-03-01,552.37
2021-03-02,550.72
2021-03-03,554.87
2021-03-04,548.17
2021-03-05,558.63
2021-03-08,565.84
2021-03-09,561
2021-03-10,571.75
2021-03-11,570.15
2021-03-12,576.35
2021-03-15,573.09
2021-03-16,566.63
2021-03-17,570.31
2021-03-18,573.52
2021-03-19,566.65
2021-03-22,559.29
2021-03-23,551.41
2021-03-24,553.81
2021-03-25,562.53
2021-03-26,572.1
2021-03-29,566.8
2021-03-30,570.85
2021-03-31,565.72
2021-04-01,572.97
2021-04-05,577.22
2021-04-06,576.59
2021-04-07,578.95
2021-04-08,578.91
2021-04-09,583.88
2021-04-12,586.42
2021-04-13,581.01
2021-04-14,584.87
2021-04-15,584.25
2021-04-16,588.09
2021-04-19,586.42
2021-04-20,575.78
2021-04-21,583.77
2021-04-22,577.31
2021-04-23,587.97
2021-04-26,589.93
2021-04-27,595.27
2021-04-28,596.94
2021-04-29,607.79
2021-04-30,601.98
